Aging_Neuroscience,Aging,Aging Neuroscience,Behavioral Neuroscience,Bioengineering and Biotechnology,Cardiovascular Medicine,Cell and Developmental Biology,Cellular Neuroscience,Cognition,Computational Neuroscience,Digital Health,Endocrinology,Genetics,Human Neuroscience,Immunology,Integrative Neuroscience,Medicine,Molecular Neuroscience,Neuroimaging,Neuroinformatics,Neurology,Neuroscience,Oncology,Pediatrics,Pharmacology,Physiology,Psychiatry,Psychology,Public Health,Stroke,Synaptic Neuroscience,,,,,,,,,,,,,,,,,,,,,,,,,,,,,,,,,,,,
Applied_Mathematics_and_Statistics,Applied Mathematics and Statistics,Artificial Intelligence,Behavioral Neuroscience,Big Data,Built Environment,Cell and Developmental Biology,Complex Systems,Computational Neuroscience,Computer Science,Earth Science,Ecology and Evolution,Education,Environmental Science,Genetics,Imaging,Marine Science,Medicine,Molecular Biosciences,Physics,Physiology,Psychology,Public Health,Signal Processing,Sustainable Food Systems,Systems Neuroscience,Virology,,,,,,,,,,,,,,,,,,,,,,,,,,,,,,,,,,,,,,,,
Artificial_Intelligence,Applied Mathematics and Statistics,Artificial Intelligence,Big Data,Bioinformatics,Communication,Complex Systems,Computational Neuroscience,Computer Science,Digital Health,Education,Environmental Science,Genetics,High Performance Computing,Human Dynamics,Imaging,Oncology,Physics,Plant Science,Political Science,Psychiatry,Psychology,Public Health,,,,,,,,,,,,,,,,,,,,,,,,,,,,,,,,,,,,,,,,,,,,
Astronomy_and_Space_Sciences,Applied Mathematics and Statistics,Astronomy and Space Sciences,Chemistry,Earth Science,Immunology,Microbiology,Physics,Physiology,Plant Science,Public Health,Robotics and AI,Sociology,Space Technologies,,,,,,,,,,,,,,,,,,,,,,,,,,,,,,,,,,,,,,,,,,,,,,,,,,,,,
Big_Data,Artificial Intelligence,Big Data,Communications and Networks,Computer Science,Digital Health,Energy Research,Genetics,High Performance Computing,Medicine,Public Health,Robotics and AI,Sustainable Cities,Sustainable Food Systems,the Internet of Things,Virtual Reality,,,,,,,,,,,,,,,,,,,,,,,,,,,,,,,,,,,,,,,,,,,,,,,,,,,
Bioengineering_and_Biotechnology,Artificial Intelligence,Big Data,Bioengineering and Biotechnology,Biomaterials Science,Cardiovascular Medicine,Cell and Developmental Biology,Chemistry,Computational Neuroscience,Dental Medicine,Ecology and Evolution,Education,Energy Research,Genetics,Human Neuroscience,Immunology,Lab on a Chip Technologies,Materials,Medical Technology,Medicine,Microbiology,Molecular Biosciences,Neuroimaging,Neuroinformatics,Neurology,Neuroscience,Nutrition,Oncology,Pediatrics,Pharmacology,Physics,Physiology,Plant Science,Psychology,Public Health,Robotics and AI,Sports and Active Living,Stroke,Systems Biology,Toxicology,Veterinary Science,,,,,,,,,,,,,,,,,,,,,,,,,,
Cardiovascular_Medicine,Artificial Intelligence,Big Data,Bioengineering and Biotechnology,Cardiovascular Medicine,Cell and Developmental Biology,Digital Health,Endocrinology,Epidemiology,Genetics,Immunology,Medical Technology,Medicine,Molecular Biosciences,Neurology,Neuroscience,Oncology,Pediatrics,Pharmacology,Physiology,Public Health,Radiology,Sports and Active Living,Surgery,,,,,,,,,,,,,,,,,,,,,,,,,,,,,,,,,,,,,,,,,,,
Cell_and_Developmental_Biology,Aging,Aging Neuroscience,Bioengineering and Biotechnology,Cardiovascular Medicine,Cell and Developmental Biology,Cellular and Infection Microbiology,Cellular Neuroscience,Dental Medicine,Drug Delivery,Drug Discovery,Ecology and Evolution,Endocrinology,Genetics,Human Neuroscience,Immunology,Marine Science,Medicine,Microbiology,Molecular Biosciences,Neural Circuits,Neurology,Neuroscience,Oncology,Pharmacology,Physics,Physiology,Plant Science,Systems Biology,,,,,,,,,,,,,,,,,,,,,,,,,,,,,,,,,,,,,,
Cellular_and_Infection_Microbiology,Bee Science,Bioengineering and Biotechnology,Cell and Developmental Biology,Cellular and Infection Microbiology,Digital Health,Ecology and Evolution,Fungal Biology,Gastroenterology,Genetics,Immunology,Insect Science,Medicine,Microbiology,Oncology,Oral Health,Pain Research,Pediatrics,Pharmacology,Public Health,Systems Biology,Veterinary Science,,,,,,,,,,,,,,,,,,,,,,,,,,,,,,,,,,,,,,,,,,,,,
Cellular_Neuroscience,Aging Neuroscience,Artificial Intelligence,Behavioral Neuroscience,Bioengineering and Biotechnology,Cell and Developmental Biology,Cellular Neuroscience,Computational Neuroscience,Drug Delivery,Endocrinology,Genetics,Human Neuroscience,Immunology,Integrative Neuroscience,Medical Technology,Medicine,Microbiology,Molecular Neuroscience,Neural Circuits,Neuroimaging,Neuroinformatics,Neurology,Neuroscience,Oncology,Pediatrics,Pharmacology,Physiology,Psychiatry,Psychology,Sleep,Stroke,Synaptic Neuroscience,Systems Neuroscience,,,,,,,,,,,,,,,,,,,,,,,,,,,,,,,,,,
Chemistry,Analytical Science,Astronomy and Space Sciences,Bioengineering and Biotechnology,Catalysis,Cell and Developmental Biology,Chemical Engineering,Chemistry,Electronic Materials,Electronics,Endocrinology,Energy Research,Environmental Chemistry,Environmental Engineering,Food Science and Technology,Immunology,Manufacturing Technology,Marine Science,Materials,Medicine,Molecular Biosciences,Nanotechnology,Natural Products,Nutrition,Oncology,Pharmacology,Physics,Physiology,Public Health,Robotics and AI,Sensors,Sustainability,Sustainable Food Systems,Toxicology,,,,,,,,,,,,,,,,,,,,,,,,,,,,,,,,,
Communication,Applied Mathematics and Statistics,Artificial Intelligence,Big Data,Built Environment,Communication,Computer Science,Digital Health,Ecology and Evolution,Education,Genetics,Human Dynamics,Human Neuroscience,Pharmacology,Political Science,Psychology,Public Health,Sociology,Sustainability,Sustainable Cities,Sustainable Food Systems,,,,,,,,,,,,,,,,,,,,,,,,,,,,,,,,,,,,,,,,,,,,,,
Computer_Science,Aging Neuroscience,Applied Mathematics and Statistics,Artificial Intelligence,Big Data,Bioengineering and Biotechnology,Built Environment,Communication,Communications and Networks,Computer Science,Digital Health,Education,Electronics,Energy Research,Environmental Science,Human Dynamics,Human Neuroscience,Industrial Engineering,Manufacturing Technology,Mechanical Engineering,Medical Engineering,Medicine,Molecular Medicine,Neuroergonomics,Neuroinformatics,Neurology,Neurorobotics,Neuroscience,Nuclear Medicine,Nutrition,Oncology,Physics,Physiology,Political Science,Psychiatry,Psychology,Public Health,Radiology,Remote Sensing,Robotics and AI,Signal Processing,Sociology,Sports and Active Living,Virtual Reality,,,,,,,,,,,,,,,,,,,,,,,
Digital_Health,Artificial Intelligence,Big Data,Bioengineering and Biotechnology,Computer Science,Digital Health,Education,Global Women's Health,Health Services,Medicine,Neurology,Neuroscience,Oncology,Ophthalmology,Physics,Physiology,Psychiatry,Psychology,Public Health,Rehabilitation Sciences,Surgery,Tropical Diseases,Virtual Reality,,,,,,,,,,,,,,,,,,,,,,,,,,,,,,,,,,,,,,,,,,,,
Earth_Science,Astronomy and Space Sciences,Built Environment,Chemistry,Climate,Communication,Control Engineering,Earth Science,Ecology and Evolution,Energy Research,Environmental Archaeology,Environmental Science,Forests and Global Change,Marine Science,Microbiology,Physics,Physiology,Public Health,Remote Sensing,Sustainable Food Systems,Water,,,,,,,,,,,,,,,,,,,,,,,,,,,,,,,,,,,,,,,,,,,,,,
Ecology_and_Evolution,Frontiers for Young Minds,Aging Neuroscience,Agronomy,Analytical Science,Applied Mathematics and Statistics,Behavioral Neuroscience,Built Environment,Cell and Developmental Biology,Chemical Engineering,Computer Science,Conservation Science,Earth Science,Ecology and Evolution,Education,Environmental Science,Forests and Global Change,Genetics,Geochemistry,Insect Science,Mammal Science,Marine Science,Microbiology,Molecular Biosciences,Nanotechnology,Neuroscience,Physics,Physiology,Plant Science,Psychology,Public Health,Robotics and AI,Sociology,Soil Science,Sustainable Cities,Sustainable Food Systems,Tropical Diseases,Veterinary Science,,,,,,,,,,,,,,,,,,,,,,,,,,,,,
Education,Artificial Intelligence,Communication,Computer Science,Education,Human Dynamics,Immunology,Medicine,Political Science,Psychiatry,Psychology,Public Health,Reproductive Health,Research Metrics and Analytics,Sociology,Sustainability,,,,,,,,,,,,,,,,,,,,,,,,,,,,,,,,,,,,,,,,,,,,,,,,,,,
Endocrinology,Aging,Aging Neuroscience,Artificial Intelligence,Behavioral Neuroscience,Big Data,Bioinformatics,Cardiovascular Medicine,Cell and Developmental Biology,Chemistry,Clinical Diabetes and Healthcare,Ecology and Evolution,Endocrinology,Human Neuroscience,Immunology,Marine Science,Medicine,Molecular Biosciences,Nanotechnology,Neuroinformatics,Neurology,Neuroscience,Nutrition,Oncology,Pediatrics,Pharmacology,Physics,Physiology,Psychiatry,Psychology,Public Health,Radiology,Reproductive Health,Sensors,Sleep,Sports and Active Living,Surgery,Urology,,,,,,,,,,,,,,,,,,,,,,,,,,,,,
Energy_Research,Agronomy,Bioengineering and Biotechnology,Built Environment,Chemical Engineering,Chemistry,Energy Efficiency,Energy Research,Environmental Science,Fuels,Future Transportation,Manufacturing Technology,Marine Science,Materials,Microbiology,Nanotechnology,Nuclear Engineering,Sociology,Sustainable Cities,Sustainable Food Systems,Thermal Engineering,,,,,,,,,,,,,,,,,,,,,,,,,,,,,,,,,,,,,,,,,,,,,,
Environmental_Science,Agronomy,Analytical Science,Bioengineering and Biotechnology,Built Environment,Cell and Developmental Biology,Chemistry,Climate,Communication,Earth Science,Ecology and Evolution,Education,Energy Efficiency,Energy Research,Environmental Chemistry,Environmental Economics,Environmental Health,Environmental Science,Fish Science,Forests and Global Change,Genetics,Human Dynamics,Marine Science,Materials,Microbiology,Molecular Biosciences,Nanotechnology,Neuroscience,Nutrition,Ocean Sustainability,Pharmacology,Physiology,Plant Science,Psychiatry,Psychology,Public Health,Remote Sensing,Soil Science,Sustainability,Sustainable Cities,Sustainable Energy Policy,Sustainable Food Systems,Sustainable Resource Management,Toxicology,Water,,,,,,,,,,,,,,,,,,,,,,
Forests_and_Global_Change,Climate,Conservation Science,Earth Science,Ecology and Evolution,Environmental Science,Forests and Global Change,Marine Science,Microbiology,Plant Science,Sustainable Cities,Sustainable Food Systems,Sustainable Tourism,,,,,,,,,,,,,,,,,,,,,,,,,,,,,,,,,,,,,,,,,,,,,,,,,,,,,,
Genetics,Aging,Aging Neuroscience,Analytical Science,Aquaculture,Artificial Intelligence,Big Data,Bioengineering and Biotechnology,Bioinformatics,Cardiovascular Medicine,Cell and Developmental Biology,Cellular and Infection Microbiology,Chemistry,Communication,Earth Science,Ecology and Evolution,Education,Endocrinology,Energy Research,Environmental Science,Epidemiology,Fungal Biology,Genetics,Immunology,Marine Science,Medicine,Microbiology,Molecular Biosciences,Molecular Medicine,Molecular Neuroscience,Neuroinformatics,Neurology,Neuroscience,Nutrition,Oncology,Pediatrics,Pharmacology,Physics,Physiology,Plant Science,Political Science,Psychiatry,Psychology,Public Health,Sustainability,Systems Biology,Transplantation,Veterinary Science,,,,,,,,,,,,,,,,,,,
Human_Neuroscience,Frontiers for Young Minds,Aging,Aging Neuroscience,Artificial Intelligence,Behavioral Neuroscience,Big Data,Bioengineering and Biotechnology,Bioinformatics,Cardiovascular Medicine,Cellular Neuroscience,Child and Adolescent Psychiatry,Computational Neuroscience,Computer Science,Epidemiology,Human Neuroscience,Immunology,Integrative Neuroscience,Language Sciences,Malaria,Medicine,Molecular Medicine,Molecular Neuroscience,Neural Circuits,Neuroanatomy,Neuroergonomics,Neuroimaging,Neuroinformatics,Neurology,Neurorobotics,Neuroscience,Ophthalmology,Pharmacology,Physiology,Political Science,Psychiatry,Psychology,Public Health,Robotics and AI,Sociology,Sports and Active Living,Stroke,Surgery,Synaptic Neuroscience,Systems Neuroscience,Virtual Reality,,,,,,,,,,,,,,,,,,,,,
Immunology,Aging,Allergy,Aquaculture,Artificial Intelligence,Big Data,Bioengineering and Biotechnology,Bioinformatics,Cardiovascular Medicine,Cell and Developmental Biology,Cellular and Infection Microbiology,Cellular Neuroscience,Dental Medicine,Digital Health,Ecology and Evolution,Endocrinology,Fungal Biology,Genetics,Health Services,Hematology,Human Neuroscience,Immunology,Marine Science,Medicine,Microbiology,Microbiomes,Molecular Biosciences,Molecular Medicine,Molecular Neuroscience,Nephrology,Neurology,Neuroscience,Nutrition,Oncology,Pediatrics,Pharmacology,Physiology,Plant Science,Psychiatry,Public Health,Sports and Active Living,Surgery,Synaptic Neuroscience,Systems Biology,Toxicology,Tuberculosis,Veterinary Science,,,,,,,,,,,,,,,,,,,,
Marine_Science,Frontiers for Young Minds,Aquaculture,Big Data,Bird Science,Built Environment,Chemistry,Earth Science,Ecology and Evolution,Environmental Economics,Environmental Science,Genetics,Imaging,Insect Science,Marine Science,Materials,Microbiology,Nutrition,Ocean Sustainability,Physics,Physiology,Plant Science,Psychology,Public Health,Remote Sensing,Robotics and AI,Sustainable Food Systems,Veterinary Science,,,,,,,,,,,,,,,,,,,,,,,,,,,,,,,,,,,,,,,
Materials,Acoustics,Bioengineering and Biotechnology,Chemistry,Dental Medicine,Electronic Materials,Materials,Molecular Biosciences,Nanotechnology,Oncology,Photonics,Physics,Sensors,,,,,,,,,,,,,,,,,,,,,,,,,,,,,,,,,,,,,,,,,,,,,,,,,,,,,,
Medicine,Aging,Aging Neuroscience,Allergy,Anesthesiology,Artificial Intelligence,Big Data,Bioengineering and Biotechnology,Bioinformatics,Cardiovascular Medicine,Cell and Developmental Biology,Cellular and Infection Microbiology,Clinical Diabetes and Healthcare,Computer Science,Digital Health,Drug Delivery,Education,Endocrinology,Fungal Biology,Gastroenterology,Genetics,Health Services,Hematology,Human Neuroscience,Immunology,Medical Technology,Medicine,Microbiology,Molecular Biosciences,Molecular Medicine,Nephrology,Neuroimaging,Neurology,Neuroscience,Nuclear Medicine,Nutrition,Oncology,Ophthalmology,Oral Health,Organizational Psychology,Pediatrics,Pharmacology,Photobiology,Physics,Physiology,Psychiatry,Psychology,Public Health,Sleep,Sociology,Stroke,Surgery,Systems Biology,Tuberculosis,,,,,,,,,,,,,
Microbiology,Aging Neuroscience,Agronomy,Allergy,Animal Science,Antibiotics,Aquaculture,Arachnid Science,Artificial Intelligence,Astronomy and Space Sciences,Bacteriology,Big Data,Bioengineering and Biotechnology,Bioinformatics,Built Environment,Cellular and Infection Microbiology,Chemical Engineering,Chemistry,Drug Discovery,Earth Science,Ecology and Evolution,Education,Environmental Archaeology,Environmental Engineering,Environmental Science,Food Science and Technology,Forests and Global Change,Fungal Biology,Gastroenterology,Genetics,Immunology,Industrial Microbiology,Insect Science,Marine Science,Materials,Medicine,Microbiology,Microbiomes,Molecular Biosciences,Molecular Medicine,Nutrition,Oncology,Oral Health,Parasitology,Pharmacology,Physiology,Plant Science,Political Science,Public Health,Soil Science,Space Technologies,Sustainable Food Systems,Sustainable Resource Management,Tropical Diseases,Tuberculosis,Veterinary Science,Virology,,,,,,,,,,
Molecular_Biosciences,Animal Science,Bioengineering and Biotechnology,Bioinformatics,Cell and Developmental Biology,Cellular and Infection Microbiology,Chemical Biology,Endocrinology,Genetics,Immunology,Medicine,Microbiology,Molecular Biosciences,Molecular Medicine,Molecular Neuroscience,Neurology,Neuroscience,Oncology,Pediatrics,Pharmacology,Physics,Physiology,Public Health,Sports and Active Living,Surgery,Veterinary Science,,,,,,,,,,,,,,,,,,,,,,,,,,,,,,,,,,,,,,,,,
Neurology,Aging Neuroscience,Artificial Intelligence,Audiology and Otology,Behavioral Neuroscience,Big Data,Bioengineering and Biotechnology,Cardiovascular Medicine,Cellular and Infection Microbiology,Cellular Neuroscience,Computational Neuroscience,Dementia,Genetics,Human Neuroscience,Immunology,Medicine,Microbiology,Molecular Biosciences,Molecular Neuroscience,Neuroanatomy,Neuroimaging,Neuroinformatics,Neurology,Neurorobotics,Neuroscience,Nutrition,Oncology,Pediatrics,Pharmacology,Physiology,Psychiatry,Psychology,Public Health,Radiology,Stroke,Surgery,Synaptic Neuroscience,Systems Neuroscience,Toxicology,,,,,,,,,,,,,,,,,,,,,,,,,,,,
Neuroscience,Aging Neuroscience,Analytical Science,Applied Mathematics and Statistics,Artificial Intelligence,Audiology and Otology,Behavioral Neuroscience,Big Data,Bioengineering and Biotechnology,Cell and Developmental Biology,Cellular and Infection Microbiology,Cellular Neuroscience,Chemistry,Computational Neuroscience,Computer Science,Drug Delivery,Ecology and Evolution,Electronic Materials,Electronics,Endocrinology,Environmental Science,Gastroenterology,Genetics,Human Neuroscience,Imaging,Immunology,Integrative Neuroscience,Marine Science,Materials,Medical Technology,Medicine,Microbiology,Molecular Neuroscience,Nanotechnology,Network Physiology,Neural Circuits,Neuroanatomy,Neuroergonomics,Neuroimaging,Neuroinformatics,Neurology,Neurorobotics,Neuroscience,Nutrition,Oncology,Ophthalmology,Pain Research,Pediatrics,Pharmacology,Physics,Physiology,Psychiatry,Psychology,Public Health,Radiology,Rehabilitation Sciences,Robotics and AI,Sensors,Sleep,Sociology,Sports and Active Living,Stroke,Synaptic Neuroscience,Systems Biology,Systems Neuroscience,Toxicology,
Nutrition,Aging,Aging Neuroscience,Agronomy,Artificial Intelligence,Bee Science,Big Data,Bioengineering and Biotechnology,Cancer Control and Society,Cardiovascular Medicine,Cell and Developmental Biology,Dental Medicine,Earth Science,Education,Endocrinology,Environmental Science,Food Science and Technology,Fungal Biology,Genetics,Immunology,Integrative Neuroscience,Lab on a Chip Technologies,Marine Science,Medicine,Microbiology,Molecular Biosciences,Neurology,Neuroscience,Nutrition,Oncology,Oral Health,Pediatrics,Pharmacology,Physiology,Plant Science,Psychology,Public Health,Soft Matter,Soil Science,Sports and Active Living,Surgery,Sustainability,Sustainable Food Systems,Veterinary Science,,,,,,,,,,,,,,,,,,,,,,,
Oncology,Artificial Intelligence,Big Data,Cancer Control and Society,Cardiovascular Medicine,Cell and Developmental Biology,Chemistry,Digital Health,Endocrinology,Genetics,Health Services,Immunology,Medicine,Microbiology,Molecular Biosciences,Neurology,Neuroscience,Nutrition,Oncology,Pediatrics,Pharmacology,Physics,Physiology,Psychology,Public Health,Sociology,Surgery,,,,,,,,,,,,,,,,,,,,,,,,,,,,,,,,,,,,,,,,
Oral_Health,Antibiotics,Bacteriology,Cell and Developmental Biology,Cellular and Infection Microbiology,Child and Adolescent Psychiatry,Clinical Diabetes and Healthcare,Dental Medicine,Digital Health,Ecology and Evolution,Endocrinology,Fungal Biology,Global Women's Health,Immunology,Marine Science,Medicine,Microbiology,Molecular Biosciences,Nutrition,Oncology,Oral Health,Pediatrics,Psychiatry,Psychology,Public Health,Rehabilitation Sciences,Research Metrics and Analytics,Surgery,,,,,,,,,,,,,,,,,,,,,,,,,,,,,,,,,,,,,,,
Pediatrics,Artificial Intelligence,Big Data,Cardiovascular Medicine,Cellular Neuroscience,Endocrinology,Genetics,Immunology,Medicine,Nephrology,Neurology,Neuroscience,Nutrition,Oncology,Pediatrics,Pharmacology,Physiology,Psychology,Public Health,Surgery,Urology,,,,,,,,,,,,,,,,,,,,,,,,,,,,,,,,,,,,,,,,,,,,,,
Pharmacology,Aging Neuroscience,Artificial Intelligence,Behavioral Neuroscience,Big Data,Bioengineering and Biotechnology,Bioinformatics,Biomaterials Science,Cardiovascular Medicine,Cell and Developmental Biology,Cellular and Infection Microbiology,Cellular Neuroscience,Chemistry,Drug Delivery,Drug Discovery,Ecology and Evolution,Endocrinology,Genetics,Genome Editing,Immunology,Marine Science,Medicine,Microbiology,Molecular Biosciences,Molecular Neuroscience,Nanotechnology,Natural Products,Neurology,Neuroscience,Nutrition,Oncology,Pediatrics,Pharmacology,Physiology,Plant Science,Psychiatry,Psychology,Public Health,Sports and Active Living,Toxicology,Tropical Diseases,,,,,,,,,,,,,,,,,,,,,,,,,,
Physics,Applied Mathematics and Statistics,Artificial Intelligence,Astronomy and Space Sciences,Big Data,Bioengineering and Biotechnology,Blockchain,Cell and Developmental Biology,Chemistry,Climate,Complex Systems,Computational Neuroscience,Computer Science,Earth Science,Ecology and Evolution,Electronic Materials,Energy Research,Environmental Science,Human Neuroscience,Imaging,Immunology,Insect Science,Materials,Medicine,Molecular Biosciences,Nanotechnology,Neural Circuits,Neuroimaging,Neuroscience,Oncology,Photonics,Physics,Physiology,Plant Science,Psychology,Robotics and AI,Soft Matter,Systems Biology,,,,,,,,,,,,,,,,,,,,,,,,,,,,,
Physiology,Aging,Aging Neuroscience,Animal Science,Applied Mathematics and Statistics,Aquaculture,Artificial Intelligence,Behavioral Neuroscience,Big Data,Bioengineering and Biotechnology,Cardiovascular Medicine,Cell and Developmental Biology,Cellular and Infection Microbiology,Cellular Neuroscience,Climate,Communication,Dental Medicine,Digital Health,Ecology and Evolution,Endocrinology,Fungal Biology,Genetics,Human Neuroscience,Immunology,Integrative Neuroscience,Marine Science,Medical Technology,Medicine,Microbiology,Molecular Biosciences,Molecular Neuroscience,Network Physiology,Neural Circuits,Neuroanatomy,Neurology,Neuroscience,Nutrition,Oncology,Pediatrics,Pharmacology,Physics,Physiology,Plant Science,Psychiatry,Psychology,Public Health,Reproductive Health,Robotics and AI,Sleep,Sports and Active Living,Surgery,Sustainable Food Systems,Toxicology,Veterinary Science,,,,,,,,,,,,,
Plant_Science,Agronomy,Artificial Intelligence,Bioengineering and Biotechnology,Bioinformatics,Cell and Developmental Biology,Chemistry,Conservation Science,Earth Science,Ecology and Evolution,Energy Research,Environmental Archaeology,Environmental Science,Forests and Global Change,Genetics,Horticulture,Immunology,Marine Science,Materials,Medicine,Microbiology,Molecular Biosciences,Nanotechnology,Nutrition,Pharmacology,Photonics,Physiology,Plant Science,Public Health,Soil Science,Sustainability,Sustainable Food Systems,Veterinary Science,,,,,,,,,,,,,,,,,,,,,,,,,,,,,,,,,,
Political_Science,Climate,Communication,Computer Science,Earth Science,Education,Environmental Science,Human Dynamics,Human Neuroscience,Marine Science,Political Science,Psychology,Public Health,Social Psychology,Sociology,Tropical Diseases,,,,,,,,,,,,,,,,,,,,,,,,,,,,,,,,,,,,,,,,,,,,,,,,,,,
Psychiatry,Aging Neuroscience,Behavioral Neuroscience,Cardiovascular Medicine,Child and Adolescent Psychiatry,Clinical Diabetes and Healthcare,Digital Health,Endocrinology,Genetics,Global Women's Health,Human Neuroscience,Immunology,Integrative Neuroscience,Medicine,Neuroinformatics,Neurology,Neuroscience,Nutrition,Oral Health,Pain Research,Pediatrics,Pharmacology,Psychiatry,Psychology,Public Health,Sociology,Surgery,Toxicology,Tropical Diseases,Virtual Reality,,,,,,,,,,,,,,,,,,,,,,,,,,,,,,,,,,,,,
Psychology,Aging,Aging Neuroscience,Applied Mathematics and Statistics,Artificial Intelligence,Behavioral Economics,Behavioral Neuroscience,Big Data,Bioengineering and Biotechnology,Blockchain,Cell and Developmental Biology,Child and Adolescent Psychiatry,Climate,Cognition,Communication,Communications and Networks,Computational Neuroscience,Computer Science,Dementia,Developmental Psychology,Digital Health,Earth Science,Ecology and Evolution,Education,Endocrinology,Environmental Health,Environmental Science,Epidemiology,Forests and Global Change,Genetics,Human Dynamics,Human Neuroscience,Imaging,Immunology,Integrative Neuroscience,Language Sciences,Medical Technology,Medicine,Network Physiology,Neural Circuits,Neuroergonomics,Neuroinformatics,Neurology,Neurorobotics,Neuroscience,Nutrition,Oncology,Organizational Psychology,Pediatrics,Pharmacology,Physiology,Political Science,Psychiatry,Psychology,Public Health,Rehabilitation Sciences,Robotics and AI,Sleep,Social Psychology,Sociology,Sports and Active Living,Surgery,Sustainable Cities,Sustainable Food Systems,Systems Neuroscience,Veterinary Science,Virtual Reality
Public_Health,Anesthesiology,Applied Mathematics and Statistics,Artificial Intelligence,Big Data,Bioengineering and Biotechnology,Bioinformatics,Built Environment,Cardiovascular Medicine,Cell and Developmental Biology,Cellular and Infection Microbiology,Chemistry,Communication,Computer Science,Dental Medicine,Digital Health,Disaster and Emergency Medicine,Ecology and Evolution,Education,Endocrinology,Environmental Health,Environmental Science,Epidemiology,Forests and Global Change,Genetics,Global Women's Health,Health Services,Human Neuroscience,Immunology,Medicine,Microbiology,Molecular Biosciences,Nanotechnology,Nephrology,Neurology,Neuroscience,Nutrition,Oncology,Oral Health,Pain Research,Pediatrics,Pharmacology,Physics,Physiology,Psychiatry,Psychology,Public Health,Rehabilitation Sciences,Reproductive Health,Sociology,Space Technologies,Sports and Active Living,Surgery,Sustainability,Sustainable Cities,Sustainable Food Systems,Tropical Diseases,Veterinary Science,Virology,,,,,,,,
Sociology,Behavioral Neuroscience,Big Data,Communication,Digital Health,Earth Science,Ecology and Evolution,Education,Endocrinology,Environmental Science,Genetics,Global Women's Health,Human Dynamics,Human Neuroscience,Integrative Neuroscience,Medicine,Neuroscience,Pediatrics,Pharmacology,Physics,Political Science,Psychiatry,Psychology,Public Health,Reproductive Health,Research Metrics and Analytics,Sociology,Veterinary Science,,,,,,,,,,,,,,,,,,,,,,,,,,,,,,,,,,,,,,,
Sports_and_Active_Living,Aging Neuroscience,Artificial Intelligence,Big Data,Bioengineering and Biotechnology,Electronics,Global Women's Health,Immunology,Medicine,Nutrition,Pain Research,Pediatrics,Physiology,Psychiatry,Psychology,Public Health,Sleep,Sports and Active Living,Surgery,,,,,,,,,,,,,,,,,,,,,,,,,,,,,,,,,,,,,,,,,,,,,,,,
Veterinary_Science,Animal Science,Aquaculture,Behavioral Neuroscience,Bioinformatics,Cell and Developmental Biology,Conservation Science,Ecology and Evolution,Education,Environmental Science,Epidemiology,Ethology,Genetics,Imaging,Immunology,Insect Science,Marine Science,Medicine,Microbiology,Molecular Biosciences,Nanotechnology,Nutrition,Parasitology,Pediatrics,Physiology,Plant Science,Psychology,Public Health,Sociology,Sustainable Food Systems,Toxicology,Tropical Diseases,Tuberculosis,Veterinary Science,Virology,,,,,,,,,,,,,,,,,,,,,,,,,,,,,,,,
Virtual_Reality,Artificial Intelligence,Computer Science,Digital Health,Education,Human Dynamics,Human Neuroscience,Medical Technology,Medicine,Psychiatry,Psychology,Rehabilitation Sciences,Robotics and AI,Space Technologies,Virtual Reality,,,,,,,,,,,,,,,,,,,,,,,,,,,,,,,,,,,,,,,,,,,,,,,,,,,,
Water,Climate,Earth Science,Environmental Science,Medicine,Physics,Psychology,Public Health,Sociology,Sustainability,Sustainable Food Systems,Water,,,,,,,,,,,,,,,,,,,,,,,,,,,,,,,,,,,,,,,,,,,,,,,,,,,,,,,
